site,month,year,date,observer,transect,start_time,end_time,weather,wind,sky,floral_visitor_ID,More Specific ID?,plant_visiting ,num_individuals ,notes,associated_media
SBCC,3,2021,3/5/2021,Gaby,1,1005,1010,61,0,clear,HB,,Borage,6,,
SBCC,3,2021,3/5/2021,Gaby,1,1005,1010,61,0,clear,HB,,Blue basil,4,,
SBCC,3,2021,3/5/2021,Gaby,1,1005,1010,61,0,clear,Beetle,,Calendula,1,,
SBCC,3,2021,3/5/2021,Gaby,2,1013,1018,61,0,clear,Bumble,,Canary Island Sage,1,,
SBCC,3,2021,3/5/2021,Gaby,2,1013,1018,61,0,clear,HB,,Purple Sage,5,,
SBCC,3,2021,3/5/2021,Gaby,3,1021,1026,61,0,clear,Bumble,,Ceanothus,1,Also visited borage,
SBCC,3,2021,3/5/2021,Gaby,3,1021,1026,61,0,clear,HB,,Ceanothus,7,,
SBCC,3,2021,3/5/2021,Gaby,3,1021,1026,61,0,clear,HB,,Borage,2,,
SBCC,3,2021,3/5/2021,Gaby,3,1021,1026,61,0,clear,HB,,Blue basil,2,,
SBCC,3,2021,3/5/2021,Gaby,4,1029,1034,61,0,clear,HB,,Rosemary,1,,
SBCC,3,2021,3/5/2021,Gaby,4,1029,1034,61,0,clear,HB,,Catalina Cherry,1,,
SBCC,3,2021,3/5/2021,Gaby,1,1038,1043,61,0,clear,Bumble,,Borage,1,,
SBCC,3,2021,3/5/2021,Gaby,1,1038,1043,61,0,clear,HB,,Borage,5,,
SBCC,3,2021,3/5/2021,Gaby,1,1038,1043,61,0,clear,HB,,Blue basil,3,,
SBCC,3,2021,3/5/2021,Gaby,1,1038,1043,61,0,clear,Beetle,,Calendula,1,Resting on the petal,
SBCC,3,2021,3/5/2021,Gaby,2,1044,1049,61,0,clear,HB,,Purple Sage,6,,
SBCC,3,2021,3/5/2021,Gaby,3,1051,1056,61,0,clear,HB,,Borage,3,,
SBCC,3,2021,3/5/2021,Gaby,3,1051,1056,61,0,clear,HB,,Ceanothus,5,,
SBCC,3,2021,3/5/2021,Gaby,3,1051,1056,61,0,clear,HB,,Blue basil,4,,
SBCC,3,2021,3/5/2021,Gaby,4,1051,1102,61,0,clear,HB,,Rosemary,1,,
SBCC,3,2021,3/5/2021,Gaby,4,1051,1102,,0,clear,HB,,Catalina Cherry,2,,
Mesa,3,2021,3/5/2021,Gaby,1,1131,1141,63,0,clear,HB,,Lavender ,1,,
Mesa,3,2021,3/5/2021,Gaby,1,1131,1141,,0,clear,HB,,Peach tree,1,,
Mesa,3,2021,3/5/2021,Gaby,1,1131,1141,,0,clear,HB,,Calendula,2,,
Mesa,3,2021,3/5/2021,Gaby,1,1131,1141,,0,clear,Fly,Syrphid,Ceanothus,1,,
Mesa,3,2021,3/5/2021,Gaby,2,1145,1155,,0,clear,HB,,Rosemary,15,,
Mesa,3,2021,3/5/2021,Gaby,2,1145,1155,,0,clear,HB,,Nectar Plum,1,Visited as soon as time ran out,
Mesa,3,2021,3/5/2021,Gaby,1,1156,1206,,0,clear,HB,,Lavender ,2,,
Mesa,3,2021,3/5/2021,Gaby,2,1212,1222,64,0,clear,HB,,Rosemary,13,,
Mesa,3,2021,3/5/2021,Gaby,2,1212,1222,,0,clear,HB,,Calendula,1,,
Mesa,3,2021,3/5/2021,Gaby,2,1212,1222,,0,clear,HB,,Nectar Plum,1,,
La Cumbre,3,2021,3/12/2021,Gaby,1,1020,1027,56,1,clear,HB,,Lobularia,1,,
La Cumbre,3,2021,3/12/2021,Gaby,1,1020,1027,,1,clear,Fly,,Lobularia,1,,
La Cumbre,3,2021,3/12/2021,Gaby,2,1029,1038,,1,clear,Fly,,Calendula,1,,
La Cumbre,3,2021,3/12/2021,Gaby,3,1040,1045,,1,clear,HB,,Blue basil,1,,
La Cumbre,3,2021,3/12/2021,Gaby,1,1048,1054,,1,clear,Fly,,Calendula,1,,
La Cumbre,3,2021,3/12/2021,Gaby,1,1048,1054,,1,clear,Bug,,Calendula,1,True Bug possibly,
La Cumbre,3,2021,3/12/2021,Gaby,2,1055,1103,,1,clear,Fly,,Wall Rocket,1,,
La Cumbre,3,2021,3/12/2021,Gaby,2,1055,1103,,1,clear,Fly,,Calendula,1,Aphid on flower too ,
La Cumbre,3,2021,3/12/2021,Gaby,3,1103,1108,57,1,clear,HB,,Lobularia,1,,
Brad,3,2021,3/12/2021,Gaby,1,1129,1139,57,1,clear,na,,,0,,
Brad,3,2021,3/12/2021,Gaby,2,1142,1152,57,1,partly cloudy,na,,,0,,
Mesa,3,2021,3/17/2021,Gaby,1,1125,1135,57,0,clear,HB,,Lavender,6,,
Mesa,3,2021,3/17/2021,Gaby,1,1125,1135,57,0,clear,HB,,Calendula,1,,
Mesa,3,2021,3/17/2021,Gaby,2,1139,1149,57,0,clear,HB,,Rosemary,8,,
Mesa,3,2021,3/17/2021,Gaby,2,1139,1149,57,0,clear,Fly,Looked like Syrphid,Rosemary,1,,
Mesa,3,2021,3/17/2021,Gaby,1,1151,1201,57,0,clear,HB,,Stone Crop,1,,
Mesa,3,2021,3/17/2021,Gaby,1,1151,1201,57,0,clear,HB,,Lavender,3,,
Mesa,3,2021,3/17/2021,Gaby,2,1202,1212,57,0,clear,HB,,Rosemary,8,,
Mesa,3,2021,3/17/2021,Gaby,2,1202,1212,57,0,clear,Fly,Looked like Syrphid,Rosemary,1,,
SBCC,3,2021,3/17/2021,Gaby,1,1258,103,57,0,clear,HB,,Borage,2,,
SBCC,3,2021,3/17/2021,Gaby,1,1258,103,57,0,clear,Bumble,,Borage,1,,
SBCC,3,2021,3/17/2021,Gaby,1,1258,103,57,0,clear,HB,,Blue basil,3,,
SBCC,3,2021,3/17/2021,Gaby,2,1305,1310,57,0,clear,HB,,Purple Sage,2,,
SBCC,3,2021,3/17/2021,Gaby,2,1305,1310,57,0,clear,Fly,,Unkown Purple,1,,
SBCC,3,2021,3/17/2021,Gaby,3,1313,1318,57,0,clear,HB,,Blue basil,3,,
SBCC,3,2021,3/17/2021,Gaby,3,1313,1318,57,0,clear,HB,,Ceanothus,5,,
SBCC,3,2021,3/17/2021,Gaby,3,1313,1318,57,0,clear,HB,,Borage,2,,
SBCC,3,2021,3/17/2021,Gaby,4,1320,1325,57,0,clear,HB,,Catalina Cherry,2,,
SBCC,3,2021,3/17/2021,Gaby,1,1331,1336,57,0,clear,Bumble,,Borage,2,,
SBCC,3,2021,3/17/2021,Gaby,1,1331,1336,57,0,clear,HB,,Borage,6,,
SBCC,3,2021,3/17/2021,Gaby,1,1331,1336,57,0,clear,HB,,Blue basil,3,,
SBCC,3,2021,3/17/2021,Gaby,2,1337,1342,57,0,clear,HB,,Purple Sage,2,,
SBCC,3,2021,3/17/2021,Gaby,3,1345,1350,57,0,clear,HB,,Blue basil,2,,
SBCC,3,2021,3/17/2021,Gaby,3,1345,1350,57,0,clear,HB,,Ceanothus,9,,
SBCC,3,2021,3/17/2021,Gaby,3,1345,1350,57,0,clear,HB,,Borage,4,,
SBCC,3,2021,3/17/2021,Gaby,3,1345,1350,57,0,clear,Fly,,Ceanothus,1,,
SBCC,3,2021,3/17/2021,Gaby,4,1357,1402,57,0,clear,HB,,Stone Crop,1,,
SBCC,3,2021,3/17/2021,Gaby,4,1357,1402,57,0,clear,HB,,Catalina Cherry,2,,
La Cumbre,3,2021,3/30/2021,Gaby,1,1115,1123,61,0,clear,HB,,Calendula,1,,
La Cumbre,3,2021,3/30/2021,Gaby,2,1124,1131,61,0,clear,HB,,Wall Rocket,1,,
La Cumbre,3,2021,3/30/2021,Gaby,2,1124,1131,61,0,clear,HB,,Calendula,1,,
La Cumbre,3,2021,3/30/2021,Gaby,3,1132,1137,61,0,clear,na,,,0,,
La Cumbre,3,2021,3/30/2021,Gaby,1,1139,1147,61,0,clear,na,,,0,,
La Cumbre,3,2021,3/30/2021,Gaby,2,1208,1215,61,0,clear,HB,,Sennas,1,,
La Cumbre,3,2021,3/30/2021,Gaby,2,1208,1215,61,0,clear,HB,,Calendula,1,,
La Cumbre,3,2021,3/30/2021,Gaby,3,1218,1223,61,0,clear,na,,,0,,
Brad,3,2021,3/30/2021,Gaby,1,1337,1347,59,0,clear,HB,,Citrus,1,,
Brad,3,2021,3/30/2021,Gaby,2,1348,1358,59,0,clear,Carpenter,Female Xylocopa ,Lycianthes,1,,
Brad,3,2021,3/30/2021,Gaby,2,1348,1358,59,0,clear,HB,,Lycianthes,1,,
Brad,3,2021,3/30/2021,Gaby,1,1402,1412,59,0,clear,na,,,0,,
Brad,3,2021,3/30/2021,Gaby,2,1424,1434,59,0,clear,Fly,Looked like a Syrphid,Lycianthes,1,,
Mesa,3,2021,3/31/2021,Gaby,1,1120,1130,70,0,clear,HB,,Stone Crop,1,,
Mesa,3,2021,3/31/2021,Gaby,1,1120,1130,70,0,clear,HB,,Lavender,3,,
Mesa,3,2021,3/31/2021,Gaby,1,1120,1130,70,0,clear,Bumble,,Lavender,1,,
Mesa,3,2021,3/31/2021,Gaby ,1,1120,1130,70,0,clear,HB,,Calendula,1,,
Mesa,3,2021,3/31/2021,Gaby,1,1120,1130,70,0,clear,HB,,Pluot,1,,
Mesa,3,2021,3/31/2021,Gaby,2,1131,1141,70,0,clear,HB,,Rosemary,4,,
Mesa,3,2021,3/31/2021,Gaby,2,1131,1141,70,0,clear,HB,,Ceanothus,1,,
Mesa,3,2021,3/31/2021,Gaby,2,1131,1141,70,0,clear,Bumble,,Nectar Plum,1,,
Mesa,3,2021,3/31/2021,Gaby,2,1131,1141,70,0,clear,HB,,Nectar Plum,1,,
Mesa,3,2021,3/31/2021,Gaby ,1,1149,1159,70,0,clear,HB,,Stone Crop,1,,
Mesa,3,2021,3/31/2021,Gaby,1,1149,1159,70,0,clear,HB,,Lavender,3,,
Mesa,3,2021,3/31/2021,Gaby,1,1149,1159,70,0,clear,HB,,Calendula,1,,
Mesa,3,2021,3/31/2021,Gaby,1,1149,1159,70,0,clear,Fly,,Pluot,1,,
Mesa,3,2021,3/31/2021,Gaby,2,1201,1211,70,0,clear,HB,,Rosemary,6,,
Mesa,3,2021,3/31/2021,Gaby,2,1201,1211,70,0,clear,SDB,,Rosemary,1,,
Mesa,3,2021,3/31/2021,Gaby,2,1201,1211,70,0,clear,HB,,Calendula,1,,
Mesa,3,2021,3/31/2021,Gaby,2,1201,1211,70,0,clear,HB,,Nectar Plum,1,,
SBCC,3,2021,3/31/2021,Gaby,1,1310,1315,73,0,clear,HB,,Borage,6,,
SBCC,3,2021,3/31/2021,Gaby,1,1310,1315,73,0,clear,HB,,Blue basil,5,,
SBCC,3,2021,3/31/2021,Gaby,2,1318,1323,73,0,clear,HB,,Purple Sage,2,,
SBCC,3,2021,3/31/2021,Gaby,2,1318,1323,73,0,clear,Bumble,,Canary Island Sage,1,,
SBCC,3,2021,3/31/2021,Gaby,3,1325,1330,73,0,clear,HB,,Blue basil,5,,
SBCC,3,2021,3/31/2021,Gaby,3,12500,130,73,0,clear,HB,,Black sage,1,,
SBCC,3,2021,3/31/2021,Gaby,3,1325,1330,73,0,clear,HB,,Borage,4,,
SBCC,3,2021,3/31/2021,Gaby,3,1325,1330,73,0,clear,HB,,Ceanothus,3,,
SBCC,3,2021,3/31/2021,Gaby,4,1331,1336,73,0,clear,HB,,Catalina Cherry,4,,
SBCC,3,2021,3/31/2021,Gaby,1,1338,1343,73,0,clear,HB,,Borage,4,,
SBCC,3,2021,3/31/2021,Gaby,1,1338,1343,73,0,clear,HB,,Blue basil,5,,
SBCC,3,2021,3/31/2021,Gaby,2,1344,1349,73,0,clear,HB,,Purple Sage,1,,
SBCC,3,2021,3/31/2021,Gaby,2,1344,1349,73,0,clear,HB,,Canary Island Sage,1,,
SBCC,3,2021,3/31/2021,Gaby,3,1350,1355,73,0,clear,HB,,Blue basil,1,,
SBCC,3,2021,3/31/2021,Gaby,3,1350,1355,73,0,clear,HB,,Ceanothus,6,,
SBCC,3,2021,3/31/2021,Gaby,3,1350,1355,73,0,clear,HB,,Black sage,2,,
SBCC,3,2021,3/31/2021,Gaby,3,1350,1355,73,0,clear,HB,,Borage,4,,
SBCC,3,2021,3/31/2021,Gaby,4,1356,1401,73,0,clear,HB,,Catalina Cherry,3,,
SBBG,4,2021,4/8/2021,Gaby,1,1054,1104,66,0,clear,HLB,,Black sage,2,,
SBBG,4,2021,4/8/2021,Gaby,1,1054,1104,66,0,clear,Bumble,,Black sage,2,,
SBBG,4,2021,4/8/2021,Gaby,1,1054,1104,66,0,clear,HB,,Black sage,3,,
SBBG,4,2021,4/8/2021,Gaby,1,1054,1104,66,0,clear,HB,,Purple Sage,10,,
SBBG,4,2021,4/8/2021,Gaby,1,1054,1104,66,0,clear,SSB,,Purple Sage,1,,
SBBG,4,2021,4/8/2021,Gaby,1,1054,1104,66,0,clear,SDB,,Purple Sage,1,,
SBBG,4,2021,4/8/2021,Gaby,1,1054,1104,66,0,clear,SSB,,Poppy,1,,
SBBG,4,2021,4/8/2021,Gaby,2,1110,1120,66,0,clear,Bumble,,Black sage,1,,
SBBG,4,2021,4/8/2021,Gaby,2,1110,1120,66,0,clear,HB,,Blue Sage,13,,
SBBG,4,2021,4/8/2021,Gaby,2,1110,1120,66,0,clear,Wasp,,Blue Sage,1,,
SBBG,4,2021,4/8/2021,Gaby,2,1110,1120,66,0,clear,Bug,,Blue Sage,1,,
SBBG,4,2021,4/8/2021,Gaby,2,1110,1120,66,0,clear,HLB,,Phacelia,3,,
SBBG,4,2021,4/8/2021,Gaby,2,1110,1120,66,0,clear,HB,,Phacelia,4,,
SBBG,4,2021,4/8/2021,Gaby,2,1110,1120,66,0,clear,Wasp,,Phacelia,1,,
SBBG,4,2021,4/8/2021,Gaby,2,1110,1120,66,0,clear,MHBB,,Phacelia,1,,
SBBG,4,2021,4/8/2021,Gaby,2,1110,1120,66,0,clear,SHBB,,Phacelia,1,,
SBBG,4,2021,4/8/2021,Gaby,1,1127,1137,70,0,clear,Bumble,,Black sage,3,,
SBBG,4,2021,4/8/2021,Gaby,1,1127,1137,70,0,clear,HB,,Black sage,10,,
SBBG,4,2021,4/8/2021,Gaby,1,1127,1137,70,0,clear,HB,,Purple Sage,14,,
SBBG,4,2021,4/8/2021,Gaby,1,1127,1137,70,0,clear,HB,,Yerba Santa,1,,
SBBG,4,2021,4/8/2021,Gaby,1,1127,1137,70,0,clear,SHBB,,Poppy,1,,
SBBG,4,2021,4/8/2021,Gaby,1,1127,1137,70,0,clear,SHBB,,Blue Eyed Grass,1,,
SBBG,4,2021,4/8/2021,Gaby,2,1141,1151,70,0,clear,Bumble,,Black sage,1,,
SBBG,4,2021,4/8/2021,Gaby,2,1141,1151,70,0,clear,HLB,,Blue Sage ,1,,
SBBG,4,2021,4/8/2021,Gaby,2,1141,1151,70,0,clear,HLB,,Blue Eyed Grass,1,,
SBBG,4,2021,4/8/2021,Gaby,2,1141,1151,70,0,clear,HLB,,Bon Bon Sage,1,,
SBBG,4,2021,4/8/2021,Gaby,2,1141,1151,70,0,clear,HB,,Bon Bon Sage,6,,
SBBG,4,2021,4/8/2021,Gaby,2,1141,1151,70,0,clear,HB,,Phacelia,3,,
SBBG,4,2021,4/8/2021,Gaby,2,1141,1151,70,0,clear,HLB,,Phacelia,1,,
SBBG,4,2021,4/8/2021,Gaby,2,1141,1151,70,0,clear,MHBB,,Phacelia,1,,
SBBG,4,2021,4/8/2021,Gaby,2,1141,1151,70,0,clear,Bumble,,Blue Sage,1,,
Mesa,4,2021,4/12/2021,Gaby,1,1129,1139,59,2,clear,Fly,,Stone Crop,1,,
Mesa,4,2021,4/12/2021,Gaby,1,1129,1139,59,2,clear,SHBB,,Stone Crop,1,,
Mesa,4,2021,4/12/2021,Gaby,1,1129,1139,59,2,clear,HB,,Stone Crop,1,,
Mesa,4,2021,4/12/2021,Gaby,1,1129,1139,59,2,clear,HB,,Lavender,4,,
Mesa,4,2021,4/12/2021,Gaby,1,1129,1139,59,2,clear,HB,,Calendula,1,,
Mesa,4,2021,4/12/2021,Gaby,1,1129,1139,59,2,clear,Fly,,Calendula,1,,
Mesa,4,2021,4/12/2021,Gaby,2,1140,1150,59,2,clear,HB,,Ceanothus,1,,
Mesa,4,2021,4/12/2021,Gaby,2,1140,1150,59,2,clear,HB,,Rosemary,1,,
Mesa,4,2021,4/12/2021,Gaby,1,1151,1201,59,2,clear,HB,,Stone Crop,1,,
Mesa,4,2021,4/12/2021,Gaby,1,1151,1201,59,2,clear,HB,,Calendula,3,,
Mesa,4,2021,4/12/2021,Gaby,1,1151,1201,59,2,clear,HB,,Lavender,3,,
Mesa,4,2021,4/12/2021,Gaby,2,1205,1215,59,2,clear,HLB,,Ceanothus,1,,
Mesa,4,2021,4/12/2021,Gaby,2,1205,1215,59,2,clear,HB,,Ceanothus,2,,
SBCC,4,2021,4/14/2021,Gaby,1,1335,1340,61,1,clear,HB,,Borage,5,,
SBCC,4,2021,4/14/2021,Gaby,1,1335,1340,61,1,clear,SHBB,,Calendula,1,,
SBCC,4,2021,4/14/2021,Gaby,1,1335,1340,61,1,clear,HB,,Blue basil,4,,
SBCC,4,2021,4/14/2021,Gaby,2,1341,1346,61,1,clear,Bumble,,Purple Sage,1,,
SBCC,4,2021,4/14/2021,Gaby,2,1341,1346,61,1,clear,HB,,Canary Island Sage,1,,
SBCC,4,2021,4/14/2021,Gaby,2,1341,1346,61,1,clear,SSB,,Canary Island Sage,1,,
SBCC,4,2021,4/14/2021,Gaby,3,1348,1353,61,1,clear,HB,,Blue basil,3,,
SBCC,4,2021,4/14/2021,Gaby,3,1348,1353,61,1,clear,HB,,Ceanothus,1,,
SBCC,4,2021,4/14/2021,Gaby,3,1348,1353,61,1,clear,SSB,,Poppy,1,,
SBCC,4,2021,4/14/2021,Gaby,3,1348,1353,61,1,clear,Bumble,,Poppy,1,,
SBCC,4,2021,4/14/2021,Gaby,4,1354,1359,61,1,clear,HB,,Catalina Cherry,3,,
SBCC,4,2021,4/14/2021,Gaby,1,1404,1409,61,1,clear,HB,,Borage,4,,
SBCC,4,2021,4/14/2021,Gaby,1,1404,1409,61,1,clear,HB,,Blue basil,5,,
SBCC,4,2021,4/14/2021,Gaby,1,1404,1409,61,1,clear,Bumble,,Blue basil,1,,
SBCC,4,2021,4/14/2021,Gaby,1,1404,1409,61,1,clear,SHBB,,Poppy,1,,
SBCC,4,2021,4/14/2021,Gaby,2,1410,1415,61,1,clear,Fly,,Canary Island Sage,1,,
SBCC,4,2021,4/14/2021,Gaby,2,1410,1415,61,1,clear,HB,,Ceanothus,1,,
SBCC,4,2021,4/14/2021,Gaby,3,1418,1423,61,1,clear,HB,,Blue basil,2,,
SBCC,4,2021,4/14/2021,Gaby,3,1418,1423,61,1,clear,HB,,Ceanothus,2,,
SBCC,4,2021,4/14/2021,Gaby,3,1418,1423,61,1,clear,HB,,Poppy,1,,
SBCC,4,2021,4/14/2021,Gaby,4,1425,1430,61,1,clear,HB,,Catalina Cherry,3,,
Brad,4,2021,4/16/2021,Gaby,1,1302,1312,61,1,clear,na,,,0,,
Brad,4,2021,4/16/2021,Gaby,2,1313,1323,61,1,clear,Carpenter,,Lycianthes,1,,
Brad,4,2021,4/16/2021,Gaby,2,1313,1323,61,1,clear,Bumble,,Lycianthes,1,,
Brad,4,2021,4/16/2021,Gaby,1,1329,139,61,1,clear,na,,,0,,
Brad,4,2021,4/16/2021,Gaby,2,1341,1351,61,1,clear,Fly,,Lemon verbena,1,,
Brad,4,2021,4/16/2021,Gaby,2,1341,1351,61,1,clear,Fly,,Lycianthes,2,,
La Cumbre,4,2021,4/22/2021,Gaby,1,1045,1053,59,1,bright overcast,Fly,,Sweet Alyssum,1,,
La Cumbre,4,2021,4/22/2021,Gaby,2,1055,1102,59,1,bright overcast,Fly,,Marigolds,1,,
La Cumbre,4,2021,4/22/2021,Gaby,2,1055,1102,59,1,bright overcast,HB,,Wall Rocket,2,,
La Cumbre,4,2021,4/22/2021,Gaby,3,1103,1108,59,1,bright overcast,na,,,0,,
La Cumbre,4,2021,4/22/2021,Gaby,1,1110,1118,59,1,bright overcast,HB,,Poppy,1,,
La Cumbre,4,2021,4/22/2021,Gaby,1,1110,1118,59,1,bright overcast,Green Sweat Bee,,Sweet Alyssum,1,,
La Cumbre,4,2021,4/22/2021,Gaby,2,1125,1132,59,1,bright overcast,HB,,Wall Rocket,1,,
La Cumbre,4,2021,4/22/2021,Gaby,3,1134,1139,59,1,bright overcast,Fly,,Sweet Alyssum,1,,
Mesa,4,2021,4/28/2021,Gaby,1,1115,1125,66,0,clear,SSB,,Poppy,1,,
Mesa,4,2021,4/28/2021,Gaby,1,1115,1125,66,0,clear,HB,,Stone Crop,1,,
Mesa,4,2021,4/28/2021,Gaby,1,1115,1125,66,0,clear,HB,,Calendula,3,,
Mesa,4,2021,4/28/2021,Gaby,1,1115,1125,66,0,clear,HB,,Lavender,3,,
Mesa,4,2021,4/28/2021,Gaby,1,1115,1125,66,0,clear,Carpenter,,Stone Crop,1,,
Mesa,4,2021,4/28/2021,Gaby,1,1115,1125,66,0,clear,Bumble,,Sweet Pea,1,,
Mesa,4,2021,4/28/2021,Gaby,1,1115,1125,66,0,clear,HB,,Pluot,1,,
Mesa,4,2021,4/28/2021,Gaby,2,1126,1136,66,0,clear,HB,,Calendula,2,,
Mesa,4,2021,4/28/2021,Gaby,2,1126,1136,66,0,clear,HB,,Plum,1,,
Mesa,4,2021,4/28/2021,Gaby,1,1140,1150,66,0,clear,HB,,Poppy,1,,
Mesa,4,2021,4/28/2021,Gaby,1,1140,1150,66,0,clear,HB,,Stone Crop,2,,
Mesa,4,2021,4/28/2021,Gaby,1,1140,1150,66,0,clear,HB,,Calendula,6,,
Mesa,4,2021,4/28/2021,Gaby,1,1140,1150,66,0,clear,HB,,Lavender,4,,
Mesa,4,2021,4/28/2021,Gaby,1,1140,1150,66,0,clear,HLB,,Lavender,1,,
Mesa,4,2021,4/28/2021,Gaby,1,1140,1150,66,0,clear,HLB,,Calendula,1,,
Mesa,4,2021,4/28/2021,Gaby,2,1202,1212,66,0,clear,HB,,Geranium,1,,
Mesa,4,2021,4/28/2021,Gaby,2,1202,1212,66,0,clear,HB,,Calendula,2,,
SBCC,4,2021,4/28/2021,Gaby,1,1530,1535,70,0,clear,HB,,Borage,15,,
SBCC,4,2021,4/28/2021,Gaby,1,1530,1535,70,0,clear,HB,,Blue basil,8,,
SBCC,4,2021,4/28/2021,Gaby,1,1530,1535,70,0,clear,Bumble,,Poppy,2,,
SBCC,4,2021,4/28/2021,Gaby,2,1536,1541,70,0,clear,Carpenter,,Canary Island Sage,1,,
SBCC,4,2021,4/28/2021,Gaby,2,1536,1541,70,0,clear,Bumble,,Canary Island Sage,1,,
SBCC,4,2021,4/28/2021,Gaby,2,1536,1541,70,0,clear,Fly,,Canary Island Sage,1,,
SBCC,4,2021,4/28/2021,Gaby,3,1555,1600,70,0,clear,HB,,Blue basil,5,,
SBCC,4,2021,4/28/2021,Gaby,3,1555,1600,70,0,clear,HB,,Ceanothus,3,,
SBCC,4,2021,4/28/2021,Gaby,3,1555,1600,70,0,clear,Bug,,Ceanothus,1,,
SBCC,4,2021,4/28/2021,Gaby,4,1601,1606,70,0,clear,HB,,Catalina Cherry,18,,
SBCC,4,2021,4/28/2021,Gaby,1,1608,1613,70,0,clear,Bumble,,Borage,2,,
SBCC,4,2021,4/28/2021,Gaby,1,1608,1613,70,0,clear,HB,,Blue basil,7,,
SBCC,4,2021,4/28/2021,Gaby,1,1608,1613,70,0,clear,HB,,Borage,12,,
SBCC,4,2021,4/28/2021,Gaby,1,1608,1613,70,0,clear,Carpenter,,Blue basil,1,,
SBCC,4,2021,4/28/2021,Gaby,1,1608,1613,70,0,clear,MHBB,,Blue basil,1,,
SBCC,4,2021,4/28/2021,Gaby,2,1618,1623,70,0,clear,Bumble,,Canary Island Sage,3,,
SBCC,4,2021,4/28/2021,Gaby,2,1618,1623,70,0,clear,HB,,Canary Island Sage,2,,
SBCC,4,2021,4/28/2021,Gaby,2,1618,1623,70,0,clear,Carpenter,,Canary Island Sage,2,,
SBCC,4,2021,4/28/2021,Gaby,3,1629,1634,70,0,clear,HB,,Blue basil,5,,
SBCC,4,2021,4/28/2021,Gaby,3,1629,1634,70,0,clear,Bumble,,Ceanothus,1,,
SBCC,4,2021,4/28/2021,Gaby,3,1629,1634,70,0,clear,HB,,Ceanothus,2,,
SBCC,4,2021,4/28/2021,Gaby,3,1629,1634,70,0,clear,Fly,,Blue basil,2,,
SBCC,4,2021,4/28/2021,Gaby,4,1639,1644,70,0,clear,HB,,Catalina Cherry,26,,
SBCC,4,2021,4/28/2021,Gaby,4,1639,1644,70,0,clear,HB,,Stone Crop,1,,
SBCC,4,2021,4/28/2021,Gaby,4,1639,1644,70,0,clear,Bug,,Catalina Cherry,1,,
SBBG,4,2021,4/29/2021,Gaby,1,1115,1125,82,0,clear,SDB,,Black sage,1,,
SBBG,4,2021,4/29/2021,Gaby,1,1115,1125,82,0,clear,HB,,Black sage,2,,
SBBG,4,2021,4/29/2021,Gaby,1,1115,1125,82,0,clear,Bug,,Black sage,1,,
SBBG,4,2021,4/29/2021,Gaby,1,1115,1125,82,0,clear,Bumble,,Black sage,1,,
SBBG,4,2021,4/29/2021,Gaby,1,1115,1125,82,0,clear,HB,,Purple Sage,3,,
SBBG,4,2021,4/29/2021,Gaby,1,1115,1125,82,0,clear,SDB,,Purple Sage,1,,
SBBG,4,2021,4/29/2021,Gaby,2,1129,1139,82,0,clear,Bumble,,Black sage,1,,
SBBG,4,2021,4/29/2021,Gaby,2,1129,1139,82,0,clear,SSB,,Golden Yarrow,3,,
SBBG,4,2021,4/29/2021,Gaby,2,1129,1139,82,0,clear,Fly,,Golden Yarrow,2,,
SBBG,4,2021,4/29/2021,Gaby,2,1129,1139,82,0,clear,Bug,,Blue Sage,1,,
SBBG,4,2021,4/29/2021,Gaby,1,1153,1203,82,0,clear,HB,,Black sage,2,,
SBBG,4,2021,4/29/2021,Gaby,1,1153,1203,82,0,clear,MHBB,,Black sage,1,,
SBBG,4,2021,4/29/2021,Gaby,1,1153,1203,82,0,clear,HB,,Purple Sage,3,,
SBBG,4,2021,4/29/2021,Gaby,1,1153,1203,82,0,clear,HB,,Yerba Santa,1,,
SBBG,4,2021,4/29/2021,Gaby,2,1206,1216,82,0,clear,SDB,,Golden Yarrow,1,,
SBBG,4,2021,4/29/2021,Gaby,2,1206,1216,82,0,clear,Bug,,Blue Sage,1,,
SBBG,4,2021,4/29/2021,Gaby,2,1206,1216,82,0,clear,SSB,,Phacelia,1,,
Brad,4,2021,4/30/2021,Gaby,1,1205,1215,66,1,clear,na,,,0,,
Brad,4,2021,4/30/2021,Gaby,2,1217,1227,66,1,clear,HB,,Fava Bean,1,,
Brad,4,2021,4/30/2021,Gaby,2,1217,1227,66,1,clear,HB,,Lycianthes,1,,
Brad,4,2021,4/30/2021,Gaby,1,1228,1238,66,1,clear,na,,,0,,
Brad,4,2021,4/30/2021,Gaby,2,1239,1249,66,1,clear,HB,,Fava Bean,2,,
La Cumbre,4,2021,4/30/2021,Gaby,1,1050,1058,72,0,clear,HB,,Marigolds,1,,
La Cumbre,4,2021,4/30/2021,Gaby,1,1050,1058,72,0,clear,SHBB,,Marigolds,1,,
La Cumbre,4,2021,4/30/2021,Gaby,1,1050,1058,72,0,clear,Bumble,,Cosmos,1,,
La Cumbre,4,2021,4/30/2021,Gaby,1,1050,1058,72,0,clear,HB,,calendula,1,,
La Cumbre,4,2021,4/30/2021,Gaby,2,1100,1107,72,0,clear,HB,,Wall Rocket,3,,
La Cumbre,4,2021,4/30/2021,Gaby,2,1100,1107,72,0,clear,HB,,Poppy,2,,
La Cumbre,4,2021,4/30/2021,Gaby,2,1100,1107,72,0,clear,Bumble,,Sennas,1,,
La Cumbre,4,2021,4/30/2021,Gaby,2,1100,1107,72,0,clear,MHBB,,Calendula,1,,
La Cumbre,4,2021,4/30/2021,Gaby,2,1100,1107,72,0,clear,HB,,Calendula,1,,
La Cumbre,4,2021,4/30/2021,Gaby,3,1109,1114,72,0,clear,HB,,Sweet Alyssum,1,,
La Cumbre,4,2021,4/30/2021,Gaby,3,1109,1114,72,0,clear,Fly,,Sweet Alyssum,1,,
La Cumbre,4,2021,4/30/2021,Gaby,3,1109,1114,72,0,clear,HB,,Blue basil,1,,
La Cumbre,4,2021,4/30/2021,Gaby,1,1115,1123,72,0,clear,HB,,Calendula,2,,
La Cumbre,4,2021,4/30/2021,Gaby,1,1115,1123,72,0,clear,HB,,Cosmos,1,,
La Cumbre,4,2021,4/30/2021,Gaby,2,1124,1131,72,0,clear,HB,,Sage,1,,
La Cumbre,4,2021,4/30/2021,Gaby,2,1124,1131,72,0,clear,HB,,Wall Rocket,2,,
La Cumbre,4,2021,4/30/2021,Gaby,2,1124,1131,72,0,clear,HB,,Poppy,2,,
La Cumbre,4,2021,4/30/2021,Gaby,2,1124,1131,72,0,clear,SSB,,Wall Rocket,1,,
La Cumbre,4,2021,4/30/2021,Gaby,2,1124,1131,72,0,clear,Bumble,,Poppy,1,,
La Cumbre,4,2021,4/30/2021,Gaby,2,1124,1131,72,0,clear,SHBB,,Poppy,1,,
La Cumbre,4,2021,4/30/2021,Gaby,2,1124,1131,72,0,clear,HB,,Calendula,2,,
La Cumbre,4,2021,4/30/2021,Gaby,3,1132,1137,72,0,clear,na,,,0,,
Mesa,5,2021,5/12/2021,Gaby,1,1126,1136,61,1,bright overcast,Fly,,Stone Crop,1,,
Mesa,5,2021,5/12/2021,Gaby,1,1126,1136,61,1,bright overcast,HB,,Lavender,3,,
Mesa,5,2021,5/12/2021,Gaby,2,1137,1147,61,1,bright overcast,na,,,0,,
Mesa,5,2021,5/12/2021,Gaby,1,1148,1158,61,1,bright overcast,HB,,Lavender,4,,
Mesa,5,2021,5/12/2021,Gaby,1,1148,1158,61,1,bright overcast,HB,,Nasturtium,1,,
Mesa,5,2021,5/12/2021,Gaby,1,1148,1158,61,1,bright overcast,Fly,,Calendula,1,,
Mesa,5,2021,5/12/2021,Gaby,2,1159,1209,61,1,bright overcast,HB,,poppy,1,,
SBCC,5,2021,5/12/2021,Gaby,1,1630,1635,61,1,partly cloudy,Bumble,,Borage,4,,
SBCC,5,2021,5/12/2021,Gaby,1,1630,1635,61,1,partly cloudy,HB,,Borage,6,,
SBCC,5,2021,5/12/2021,Gaby,1,1630,1635,61,1,partly cloudy,HB,,Blue basil,8,,
SBCC,5,2021,5/12/2021,Gaby,1,1630,1635,61,1,partly cloudy,HB,,Fava Bean,1,,
SBCC,5,2021,5/12/2021,Gaby,1,1630,1635,61,1,partly cloudy,Bumble,,poppy,1,,
SBCC,5,2021,5/12/2021,Gaby,2,1636,1641,61,1,partly cloudy,Bumble,,Canary Island Sage,3,,
SBCC,5,2021,5/12/2021,Gaby,3,1642,1647,61,1,partly cloudy,HB,,Blue basil,5,,
SBCC,5,2021,5/12/2021,Gaby,3,1642,1647,61,1,partly cloudy,Bumble,,poppy,1,,
SBCC,5,2021,5/12/2021,Gaby,4,1648,1653,61,1,partly cloudy,HB,,Stone Crop,1,,
SBCC,5,2021,5/12/2021,Gaby,4,1648,1653,61,1,partly cloudy,Fly,,Catalina Cherry,27,,
SBCC,5,2021,5/12/2021,Gaby,1,1655,1700,61,1,partly cloudy,HB,,Borage,7,,
SBCC,5,2021,5/12/2021,Gaby,1,1655,1700,61,1,partly cloudy,HB,,Blue basil,5,,
SBCC,5,2021,5/12/2021,Gaby,1,1655,1700,61,1,partly cloudy,Bumble,,Borage,3,,
SBCC,5,2021,5/12/2021,Gaby,1,1655,1700,61,1,partly cloudy,HB,,Nasturtium,2,,
SBCC,5,2021,5/12/2021,Gaby,2,1701,1706,61,1,partly cloudy,Bumble,,Mint,3,,
SBCC,5,2021,5/12/2021,Gaby,2,1701,1706,61,1,partly cloudy,Bumble,,Canary Island Sage,1,,
SBCC,5,2021,5/12/2021,Gaby,2,1701,1706,61,1,partly cloudy,HB,,Canary Island Sage,1,,
SBCC,5,2021,5/12/2021,Gaby,3,1707,1712,61,1,partly cloudy,HB,,Blue basil,4,,
SBCC,5,2021,5/12/2021,Gaby,3,1707,1712,61,1,partly cloudy,Bumble,,Blue basil,1,,
SBCC,5,2021,5/12/2021,Gaby,4,1713,1718,61,1,partly cloudy,HB,,Catalina Cherry,15,,
La Cumbre,5,2021,5/19/2021,Gaby,1,1255,103,70,1,clear,HB,,Marigolds,1,,
La Cumbre,5,2021,5/19/2021,Gaby,1,1255,103,70,1,clear,Bumble,,Poppy,2,,
La Cumbre,5,2021,5/19/2021,Gaby,1,1255,103,70,1,clear,HB,,Corn flower,3,,
La Cumbre,5,2021,5/19/2021,Gaby,1,1255,103,70,1,clear,HB,,Poppy,2,,
La Cumbre,5,2021,5/19/2021,Gaby,1,1255,103,70,1,clear,Fly,,Sweet Alyssum,1,,
La Cumbre,5,2021,5/19/2021,Gaby,1,1255,103,70,1,clear,HB,,Unkown Purple,1,,
La Cumbre,5,2021,5/19/2021,Gaby,2,1305,1312,70,1,clear,HB,,Sage,5,,
La Cumbre,5,2021,5/19/2021,Gaby,2,1305,1312,70,1,clear,HB,,Marigolds,2,,
La Cumbre,5,2021,5/19/2021,Gaby,2,1305,1312,70,1,clear,HB,,Mexican Sage,2,,
La Cumbre,5,2021,5/19/2021,Gaby,2,1305,1312,70,1,clear,HB,,Wall Rocket,3,,
La Cumbre,5,2021,5/19/2021,Gaby,2,1305,1312,70,1,clear,SHBB,,Calendula,1,,
La Cumbre,5,2021,5/19/2021,Gaby,3,1313,1318,70,1,clear,HB,,Wall Rocket,1,,
La Cumbre,5,2021,5/19/2021,Gaby,3,1313,1318,70,1,clear,Fly,,Sweet Alyssum,1,,
La Cumbre,5,2021,5/19/2021,Gaby,3,1313,1318,70,1,clear,HB,,Blue basil,1,,
La Cumbre,5,2021,5/19/2021,Gaby,3,1313,1318,70,1,clear,HB,,Sweet alyssum,2,,
La Cumbre,5,2021,5/19/2021,Gaby,1,1320,1328,70,1,clear,HB,,Corn flower,3,,
La Cumbre,5,2021,5/19/2021,Gaby,1,1320,1328,70,1,clear,Bumble,,Poppy,1,,
La Cumbre,5,2021,5/19/2021,Gaby,1,1320,1328,70,1,clear,HB,,Calendula,2,,
La Cumbre,5,2021,5/19/2021,Gaby,2,1331,1338,70,1,clear,HB,,Sage,7,,
La Cumbre,5,2021,5/19/2021,Gaby,2,1331,1338,70,1,clear,HB,,Mexican Sage,1,,
La Cumbre,5,2021,5/19/2021,Gaby,2,1331,1338,70,1,clear,Fly,,Sage,1,,
La Cumbre,5,2021,5/19/2021,Gaby,2,1331,1338,70,1,clear,HB,,Marigolds,2,,
La Cumbre,5,2021,5/19/2021,Gaby,2,1331,1338,70,1,clear,HB,,Wall Rocket,4,,
La Cumbre,5,2021,5/19/2021,Gaby,2,1331,1338,70,1,clear,HB,,Sweet alyssum,1,,
La Cumbre,5,2021,5/19/2021,Gaby,2,1331,1338,70,1,clear,HB,,Calendula,4,,
La Cumbre,5,2021,5/19/2021,Gaby,2,1331,1338,70,1,clear,SHBB,,Calendula,3,,
La Cumbre,5,2021,5/19/2021,Gaby,3,1339,1344,70,1,clear,Fly,,Wall Rocket,1,,
La Cumbre,5,2021,5/19/2021,Gaby,3,1339,1344,70,1,clear,SDB,,Wall Rocket,1,,
Brad,5,2021,5/19/2021,Gaby,1,1403,213,68,1,clear,na,,,0,,
Brad,5,2021,5/19/2021,Gaby,2,1414,224,68,1,clear,HB,,Fava Bean,3,,
Brad,5,2021,5/19/2021,Gaby,2,1414,224,68,1,clear,HB,,Lycianthes,1,,
Brad,5,2021,5/19/2021,Gaby,1,1435,235,68,1,clear,na,,,0,,
Brad,5,2021,5/19/2021,Gaby,2,1426,1446,68,1,clear,HB,,Fava Bean,1,,
SBBG,5,2021,5/21/2021,Gaby,1,1115,1125,66,2,clear,HB,,Buckwheat,13,,
SBBG,5,2021,5/21/2021,Gaby,1,1115,1125,66,2,clear,SSB,,Milkweed,1,,
SBBG,5,2021,5/21/2021,Gaby,1,1115,1125,66,2,clear,Green Sweat Bee,,Poppy,1,,
SBBG,5,2021,5/21/2021,Gaby,2,1128,1138,66,2,clear,SHBB,,Mallow,3,,
SBBG,5,2021,5/21/2021,Gaby,2,1128,1138,66,2,clear,SSB,,Golden Yarrow,1,,
SBBG,5,2021,5/21/2021,Gaby,2,1128,1138,66,2,clear,HB,,Blue Sage,3,,
SBBG,5,2021,5/21/2021,Gaby,2,1128,1138,66,2,clear,SHBB,,Golden Yarrow,1,,
SBBG,5,2021,5/21/2021,Gaby,1,1140,1150,66,2,clear,HB,,Buckwheat,14,,
SBBG,5,2021,5/21/2021,Gaby,1,1140,1150,66,2,clear,SSB,,Buckwheat,4,,
SBBG,5,2021,5/21/2021,Gaby,1,1140,1150,66,2,clear,MHBB,,Buckwheat,2,,
SBBG,5,2021,5/21/2021,Gaby,1,1140,1150,66,2,clear,HLB,,Poppy,1,,
SBBG,5,2021,5/21/2021,Gaby,1,1140,1150,66,2,clear,HB,,Poppy,1,,
SBBG,5,2021,5/21/2021,Gaby,1,1140,1150,66,2,clear,HB,,Matilija Poppy,1,,
SBBG,5,2021,5/21/2021,Gaby,2,1152,1202,66,2,clear,SHBB,,Mallow,4,,
SBBG,5,2021,5/21/2021,Gaby,2,1152,1202,66,2,clear,HB,,Blue Sage,2,,
SBBG,5,2021,5/21/2021,Gaby,2,1152,1202,66,2,clear,SHBB,,Golden Yarrow,2,,
Mesa,5,2021,5/1/2621,Gaby,1,1130,1140,64,0,clear,HB,,Stone Crop,1,,
Mesa,5,2021,5/1/2621,Gaby,1,1130,1140,64,0,clear,HB,,Lavender,6,,
Mesa,5,2021,5/1/2621,Gaby,1,1130,1140,64,0,clear,HB,,Nasturtium,1,,
Mesa,5,2021,5/1/2621,Gaby,1,1130,1140,64,0,clear,HB,,Calendula,5,,
Mesa,5,2021,5/1/2621,Gaby,1,1130,1140,64,0,clear,Fly,,Calendula,2,,
Mesa,5,2021,5/1/2621,Gaby,1,1130,1140,64,0,clear,SHBB,,Calendula,1,,
Mesa,5,2021,5/1/2621,Gaby,2,1142,1152,64,0,clear,HB,,Calendula,3,,
Mesa,5,2021,5/1/2621,Gaby,2,1142,1152,64,0,clear,Fly,,Calendula,2,,
Mesa,5,2021,5/1/2621,Gaby,2,1142,1152,64,0,clear,HB,,Poppy,2,,
Mesa,5,2021,5/1/2621,Gaby,2,1142,1152,64,0,clear,SHBB,,Calendula,1,,
Mesa,5,2021,5/1/2621,Gaby,1,1154,1204,64,0,clear,HB,,Stone Crop,1,,
Mesa,5,2021,5/1/2621,Gaby,1,1154,1204,64,0,clear,HB,,Calendula,8,,
Mesa,5,2021,5/1/2621,Gaby,1,1154,1204,64,0,clear,HB,,Lavender,5,,
Mesa,5,2021,5/1/2621,Gaby,1,1154,1204,64,0,clear,HB,,Nasturtium,1,,
Mesa,5,2021,5/1/2621,Gaby,1,1154,1204,64,0,clear,HB ,,Geranium,1,,
Mesa,5,2021,5/1/2621,Gaby,1,1154,1204,64,0,clear,Fly,,Calendula,2,,
Mesa,5,2021,5/1/2621,Gaby,2,1210,1220,64,0,clear,HB,,Calendula,5,,
Mesa,5,2021,5/1/2621,Gaby,2,1210,1220,64,0,clear,HB,,Geranium,1,,
Mesa,5,2021,5/1/2621,Gaby,2,1210,1220,64,0,clear,HB,,Poppy,3,,
Mesa,5,2021,5/1/2621,Gaby,2,1210,1220,64,0,clear,Fly,,Calendula,2,,
Mesa,5,2021,5/1/2621,Gaby,2,1210,1220,64,0,clear,SSB,,Squash,1,,
Mesa,5,2021,5/1/2621,Gaby,2,1210,1220,64,0,clear,Bumble,,Calendula,1,,
SBCC,5,2021,5/1/2621,Gaby,1,1334,1339,64,0,clear,HB,,Borage,10,,
SBCC,5,2021,5/1/2621,Gaby,1,1334,1339,64,0,clear,HB,,Blue basil,4,,
SBCC,5,2021,5/1/2621,Gaby,1,1334,1339,64,0,clear,Bumble,,Borage,2,,
SBCC,5,2021,5/1/2621,Gaby,2,1340,1345,64,0,clear,Bumble,,mint,1,,
SBCC,5,2021,5/1/2621,Gaby,2,1340,1345,64,0,clear,Bumble,,Canary Island Sage,1,,
SBCC,5,2021,5/1/2621,Gaby,2,1340,1345,64,0,clear,HB,,Canary Island Sage,1,,
SBCC,5,2021,5/1/2621,Gaby,3,1347,1352,64,0,clear,HB,,Blue basil,11,,
SBCC,5,2021,5/1/2621,Gaby,3,1347,1352,64,0,clear,HB,,Ceanothus,2,,
SBCC,5,2021,5/1/2621,Gaby,3,1347,1352,64,0,clear,HB,,Poppy,4,,
SBCC,5,2021,5/1/2621,Gaby,4,1353,158,64,0,clear,HB,,Catalina Cherry,12,,
SBCC,5,2021,5/1/2621,Gaby,4,1353,1358,64,0,clear,HB,,Stone Crop,1,,
SBCC,5,2021,5/1/2621,Gaby,4,1353,1358,64,0,clear,SSB,,Cudweed,1,,
SBCC,5,2021,5/1/2621,Gaby,4,1353,1358,64,0,clear,Fly,,Cudweed,1,,
SBCC,5,2021,5/1/2621,Gaby,1,1404,1409,64,0,clear,Bumble,,Borage,3,,
SBCC,5,2021,5/1/2621,Gaby,1,1404,1409,64,0,clear,HB,,Borage,3,,
SBCC,5,2021,5/1/2621,Gaby,1,1404,1409,64,0,clear,HB,,Blue basil,8,,
SBCC,5,2021,5/1/2621,Gaby,1,1404,1409,64,0,clear,Fly,,Borage,1,,
SBCC,5,2021,5/1/2621,Gaby,1,1404,1409,64,0,clear,HB,,Calendula,1,,
SBCC,5,2021,5/1/2621,Gaby,2,1410,1415,64,0,clear,HB,,Mint,2,,
SBCC,5,2021,5/1/2621,Gaby,2,1410,1415,64,0,clear,HB,,Canary Island Sage,2,,
SBCC,5,2021,5/1/2621,Gaby,2,1410,1415,64,0,clear,Bumble,,Canary Island Sage,1,,
SBCC,5,2021,5/1/2621,Gaby,2,1410,1415,64,0,clear,Fly,,Canary Island Sage,1,,
SBCC,5,2021,5/1/2621,Gaby,3,1417,1422,64,0,clear,HB,,Poppy,1,,
SBCC,5,2021,5/1/2621,Gaby,3,1417,1422,64,0,clear,HB,,Blue basil,14,,
SBCC,5,2021,5/1/2621,Gaby,3,1417,1422,64,0,clear,HB,,Ceanothus,1,,
SBCC,5,2021,5/1/2621,Gaby,4,1423,1428,64,0,clear,HB,,Catalina Cherry,8,,
SBCC,5,2021,5/1/2621,Gaby,4,1423,1428,64,0,clear,HB,,Stone Crop,1,,
SBCC,5,2021,5/1/2621,Gaby,4,1423,1428,64,0,clear,Fly,,Cudweed,2,,
La Cumbre,5,2021,5/27/2021,Gaby,1,1422,1430,64,0,clear,HB,,Calendula,1,,
La Cumbre,5,2021,5/27/2021,Gaby,1,1422,1430,64,0,clear,HB,,Corn flower,5,,
La Cumbre,5,2021,5/27/2021,Gaby,1,1422,1430,64,0,clear,HB,,Unkown Purple,3,,
La Cumbre,5,2021,5/27/2021,Gaby,1,1422,1430,64,0,clear,SSB,,Unkown Purple,1,,
La Cumbre,5,2021,5/27/2021,Gaby,2,1431,1438,64,0,clear,HB,,Sage,4,,
La Cumbre,5,2021,5/27/2021,Gaby,2,1431,1438,64,0,clear,HB,,Marigolds,1,,
La Cumbre,5,2021,5/27/2021,Gaby,2,1431,1438,64,0,clear,HB,,Wall Rocket,3,,
La Cumbre,5,2021,5/27/2021,Gaby,2,1431,1438,64,0,clear,HB,,Poppy,1,,
La Cumbre,5,2021,5/27/2021,Gaby,2,1431,1438,64,0,clear,HB,,Calendula,2,,
La Cumbre,5,2021,5/27/2021,Gaby,2,1431,1438,64,0,clear,HLB,,Calendula,1,,
La Cumbre,5,2021,5/27/2021,Gaby,2,1431,1438,64,0,clear,SDB,,Calendula,1,,
La Cumbre,5,2021,5/27/2021,Gaby,3,1439,1444,64,0,clear,HB,,Wall Rocket,1,,
La Cumbre,5,2021,5/27/2021,Gaby,3,1439,1444,64,0,clear,HB,,Blue basil,1,,
La Cumbre,5,2021,5/27/2021,Gaby,1,1425,1453,64,0,clear,Green Sweat Bee,,Corn flower,1,,
La Cumbre,5,2021,5/27/2021,Gaby,1,1425,1453,64,0,clear,HB,,Calendula,2,,
La Cumbre,5,2021,5/27/2021,Gaby,2,1454,1501,64,0,clear,HB,,Sage,3,,
La Cumbre,5,2021,5/27/2021,Gaby,2,1454,1501,64,0,clear,HB,,Wall Rocket,2,,
La Cumbre,5,2021,5/27/2021,Gaby,2,1454,1501,64,0,clear,SSB,,Calendula,1,,
La Cumbre,5,2021,5/27/2021,Gaby,2,1454,1501,64,0,clear,HB,,Guava,1,,
La Cumbre,5,2021,5/27/2021,Gaby,2,1454,1501,64,0,clear,SSB,,Guava,1,,
La Cumbre,5,2021,5/27/2021,Gaby,3,1502,1507,64,0,clear,na,,,0,,
SBBG,5,2021,5/28/2021,Gaby,1,1145,1155,63,0,clear,HB,,Buckwheat,18,,
SBBG,5,2021,5/28/2021,Gaby,1,1145,1155,63,0,clear,Fly,,Buckwheat,2,,
SBBG,5,2021,5/28/2021,Gaby,1,1145,1155,63,0,clear,HB,,Milkweed,1,,
SBBG,5,2021,5/28/2021,Gaby,1,1145,1155,63,0,clear,SHBB,,Milkweed,1,,
SBBG,5,2021,5/28/2021,Gaby,2,1157,1207,63,0,clear,HLB,,Mallow,3,,
SBBG,5,2021,5/28/2021,Gaby,2,1157,1207,63,0,clear,SSB,,Mallow,2,,
SBBG,5,2021,5/28/2021,Gaby,2,1157,1207,63,0,clear,SHBB,,Mallow,2,,
SBBG,5,2021,5/28/2021,Gaby,2,1157,1207,63,0,clear,Green Sweat Bee,,Golden Yarrow,1,,
SBBG,5,2021,5/28/2021,Gaby,2,1157,1207,63,0,clear,HB,,Blue Sage,2,,
SBBG,5,2021,5/28/2021,Gaby,2,1157,1207,63,0,clear,SSB,,Buckwheat,1,,
SBBG,5,2021,5/28/2021,Gaby,1,1211,1221,63,0,clear,HB,,Buckwheat,21,,
SBBG,5,2021,5/28/2021,Gaby,1,1211,1221,63,0,clear,SDB,,Buckwheat,2,,
SBBG,5,2021,5/28/2021,Gaby,1,1211,1221,63,0,clear,SSB,,Buckwheat,3,,
SBBG,5,2021,5/28/2021,Gaby,1,1211,1221,63,0,clear,Green Sweat Bee,,Buckwheat,1,,
SBBG,5,2021,5/28/2021,Gaby,2,1223,1233,63,0,clear,SHBB,,Mallow,4,,
SBBG,5,2021,5/28/2021,Gaby,2,1223,1233,63,0,clear,MHBB,,Mallow,1,,
SBBG,5,2021,5/28/2021,Gaby,2,1223,1233,63,0,clear,SSB,,Mallow,2,,
SBBG,5,2021,5/28/2021,Gaby,2,1223,1233,63,0,clear,SSB,,Golden Yarrow,1,,
SBBG,5,2021,5/28/2021,Gaby,2,1223,1233,63,0,clear,HB,,Blue Sage,3,,
SBBG,5,2021,5/28/2021,Gaby,2,1223,1233,63,0,clear,HB,,Buckwheat,2,,
SBBG,5,2021,5/28/2021,Gaby,2,1223,1233,63,0,clear,HLB,,Mallow,2,,
Brad,5,2021,5/28/2021,Gaby,1,1311,1321,63,1,clear,na,,,0,,
Brad,5,2021,5/28/2021,Gaby,2,1321,1331,63,1,clear,Green Sweat Bee,,Yarrow,1,,
Brad,5,2021,5/28/2021,Gaby,2,1321,1331,63,1,clear,Fly,,Yarrow,1,,
Brad,5,2021,5/28/2021,Gaby,2,1321,1331,63,1,clear,SSB,,Yarrow,1,,
Brad,5,2021,5/28/2021,Gaby,1,1333,1343,63,1,clear,na,,,0,,
Brad,5,2021,5/28/2021,Gaby,2,1344,1354,63,1,clear,SSB,,Yarrow,1,,
Brad,5,2021,5/28/2021,Gaby,2,1344,1354,63,1,clear,Fly,,Yarrow,1,,
Mesa,6,2021,6/9/2021,Gaby,1,1328,1338,70,2,clear,HB,,Lavender,5,,
Mesa,6,2021,6/9/2021,Gaby,1,1328,1338,70,2,clear,HB,,Calendula,3,,
Mesa,6,2021,6/9/2021,Gaby,2,1339,1349,70,2,clear,Fly,,Geranium,1,,
Mesa,6,2021,6/9/2021,Gaby,2,1339,1349,70,2,clear,Bumble,,Poppy,1,,
Mesa,6,2021,6/9/2021,Gaby,2,1339,1349,70,2,clear,HB,,Poppy,2,,
Mesa,6,2021,6/9/2021,Gaby,2,1339,1349,70,2,clear,HB,,Geranium,1,,
Mesa,6,2021,6/9/2021,Gaby,2,1339,1349,70,2,clear,HB,,Calendula,1,,
Mesa,6,2021,6/9/2021,Gaby,2,1339,1349,70,2,clear,HB,,Squash,1,,
Mesa,6,2021,6/9/2021,Gaby,2,1339,1349,70,2,clear,Fly,,Squash,1,,
Mesa,6,2021,6/9/2021,Gaby,1,1351,1401,70,2,clear,HB,,Lavender,6,,
Mesa,6,2021,6/9/2021,Gaby,1,1351,1401,70,2,clear,HB,,Nasturtium,1,,
Mesa,6,2021,6/9/2021,Gaby,1,1351,1401,70,2,clear,HLB,,Calendula,1,,
Mesa,6,2021,6/9/2021,Gaby,1,1351,1401,70,2,clear,HB,,Calendula,2,,
Mesa,6,2021,6/9/2021,Gaby,2,1402,1412,70,2,clear,Fly,,Calendula,1,,
Mesa,6,2021,6/9/2021,Gaby,2,1402,1412,70,2,clear,HB,,Poppy,2,,
Mesa,6,2021,6/9/2021,Gaby,2,1402,1412,70,2,clear,HB,,Calendula,2,,
Mesa,6,2021,6/9/2021,Gaby,2,1402,1412,70,2,clear,Fly,,Squash,2,,
La Cumbre,6,2021,6/10/2021,Gaby,1,1149,1156,72,1,clear,HB,,Marigolds,2,,
La Cumbre,6,2021,6/10/2021,Gaby,1,1149,1156,72,1,clear,HB,,Corn flower,7,,
La Cumbre,6,2021,6/10/2021,Gaby,1,1149,1156,72,1,clear,HB,,Cosmos,1,,
La Cumbre,6,2021,6/10/2021,Gaby,1,1149,1156,72,1,clear,HB,,Calendula,2,,
La Cumbre,6,2021,6/10/2021,Gaby,2,1157,1205,72,1,clear,HB,,Sage,4,,
La Cumbre,6,2021,6/10/2021,Gaby,2,1157,1205,72,1,clear,Fly,,Marigolds,1,,
La Cumbre,6,2021,6/10/2021,Gaby,2,1157,1205,72,1,clear,HB,,Primrose,3,,
La Cumbre,6,2021,6/10/2021,Gaby,2,1157,1205,72,1,clear,HB,,Wall Rocket,6,,
La Cumbre,6,2021,6/10/2021,Gaby,2,1157,1205,72,1,clear,Fly,,Calendula,1,,
La Cumbre,6,2021,6/10/2021,Gaby,2,1157,1205,72,1,clear,SSB,,Calendula,2,,
La Cumbre,6,2021,6/10/2021,Gaby,2,1157,1205,72,1,clear,HB,,Calendula,2,,
La Cumbre,6,2021,6/10/2021,Gaby,2,1157,1205,72,1,clear,HB,,Passion Fruit,1,,
La Cumbre,6,2021,6/10/2021,Gaby,3,1207,1212,72,1,clear,na,,,0,,
La Cumbre,6,2021,6/10/2021,Gaby,1,1215,1222,72,1,clear,Fly,,Marigolds,1,,
La Cumbre,6,2021,6/10/2021,Gaby,1,1215,1222,72,1,clear,HB,,Marigolds,2,,
La Cumbre,6,2021,6/10/2021,Gaby,1,1215,1222,72,1,clear,SSB,,Marigolds,2,,
La Cumbre,6,2021,6/10/2021,Gaby,1,1215,1222,72,1,clear,HB,,Corn flower,6,,
La Cumbre,6,2021,6/10/2021,Gaby,1,1215,1222,72,1,clear,Fly,,Corn flower,1,,
La Cumbre,6,2021,6/10/2021,Gaby,1,1215,1222,72,1,clear,HB,,Cosmos,1,,
La Cumbre,6,2021,6/10/2021,Gaby,2,1223,1231,72,1,clear,HB,,Sage,3,,
La Cumbre,6,2021,6/10/2021,Gaby,2,1223,1231,72,1,clear,HB,,Marigolds,2,,
La Cumbre,6,2021,6/10/2021,Gaby,2,1223,1231,72,1,clear,HB,,Wall Rocket,4,,
La Cumbre,6,2021,6/10/2021,Gaby,2,1223,1231,72,1,clear,HB,,Calendula,3,,
La Cumbre,6,2021,6/10/2021,Gaby,2,1223,1231,72,1,clear,Fly,,Gauva,1,,
La Cumbre,6,2021,6/10/2021,Gaby,3,1235,1240,72,1,clear,HB,,Wall Rocket,1,,
SBBG,6,2021,6/11/2021,Gaby,1,934,944,70,1,clear,HB,,Buckwheat,13,,
SBBG,6,2021,6/11/2021,Gaby,1,934,944,70,1,clear,Fly,,Buckwheat,4,,
SBBG,6,2021,6/11/2021,Gaby,1,934,944,70,1,clear,SDB,,Buckwheat,5,,
SBBG,6,2021,6/11/2021,Gaby,1,934,944,70,1,clear,SSB,,Buckwheat,2,,
SBBG,6,2021,6/11/2021,Gaby,2,945,955,70,1,clear,HB,,Mallow,2,,
SBBG,6,2021,6/11/2021,Gaby,2,945,955,70,1,clear,HLB,,Mallow,3,,
SBBG,6,2021,6/11/2021,Gaby,2,945,955,70,1,clear,HB,,Blue Sage,5,,
SBBG,6,2021,6/11/2021,Gaby,2,945,955,70,1,clear,HB,,Buckwheat,2,,
SBBG,6,2021,6/11/2021,Gaby,2,945,955,70,1,clear,SDB,,Buckwheat,1,,
SBBG,6,2021,6/11/2021,Gaby,1,956,1006,70,1,clear,HB,,Buckwheat,15,,
SBBG,6,2021,6/11/2021,Gaby,1,956,1006,70,1,clear,Fly,,Buckwheat,3,,
SBBG,6,2021,6/11/2021,Gaby,1,956,1006,70,1,clear,SDB,,Buckwheat,5,,
SBBG,6,2021,6/11/2021,Gaby,1,956,1006,70,1,clear,SSB,,Buckwheat,4,,
SBBG,6,2021,6/11/2021,Gaby,2,1010,1020,70,1,clear,HB,,Mallow,1,,
SBBG,6,2021,6/11/2021,Gaby,2,1010,1020,70,1,clear,HLB,,Mallow,4,,
SBBG,6,2021,6/11/2021,Gaby,2,1010,1020,70,1,clear,MHBB,,Mallow,1,,
SBBG,6,2021,6/11/2021,Gaby,2,1010,1020,70,1,clear,HB,,Buckwheat,3,,
SBBG,6,2021,6/11/2021,Gaby,2,1010,1020,70,1,clear,Green Sweat Bee,,Blue Sage,1,,
SBBG,6,2021,6/11/2021,Gaby,2,1010,1020,70,1,clear,HB,,Blue Sage,6,,
SBBG,6,2021,6/11/2021,Gaby,2,1010,1020,70,1,clear,HB,,Buckwheat,1,,
SBBG,6,2021,6/11/2021,Gaby,2,1010,1020,70,1,clear,SSB,,Buckwheat,3,,
Brad,6,2021,6/12/2021,Gaby,1,1350,1400,72,2,clear,Green Sweat Bee,,Sweet alyssum,1,,
Brad,6,2021,6/12/2021,Gaby,2,1402,1412,72,2,clear,Fly,,Lemon verbena,2,,
Brad,6,2021,6/12/2021,Gaby,2,1402,1412,72,2,clear,HB,,Lemon verbena,1,,
Brad,6,2021,6/12/2021,Gaby,2,1402,1412,72,2,clear,HB,,Zinnias,2,,
Brad,6,2021,6/12/2021,Gaby,1,1413,1423,72,2,clear,HB,,Sweet alyssum,1,,
Brad,6,2021,6/12/2021,Gaby,1,1413,1423,72,2,clear,SSB,,Poppy,1,,
Brad,6,2021,6/12/2021,Gaby,2,1424,1434,72,2,clear,SSB,,Lemon verbena,2,,
Brad,6,2021,6/12/2021,Gaby,2,1424,1434,72,2,clear,HB,,Zinnias,1,,
SBBG,6,2021,6/30/2021,Gaby,1,1557,1607,74,0,clear,HB,,Buckwheat,22,,
SBBG,6,2021,6/30/2021,Gaby,1,1557,1607,74,0,clear,SDB,,Buckwheat,4,,
SBBG,6,2021,6/30/2021,Gaby,1,1557,1607,74,0,clear,Wasp,,Buckwheat,1,,
SBBG,6,2021,6/30/2021,Gaby,1,1557,1607,74,0,clear,SHBB,,Buckwheat,1,,
SBBG,6,2021,6/30/2021,Gaby,1,1557,1607,74,0,clear,Fly,,Buckwheat,2,,
SBBG,6,2021,6/30/2021,Gaby,2,1608,1618,74,0,clear,Wasp,,Buckwheat,1,,
SBBG,6,2021,6/30/2021,Gaby,2,1608,1618,74,0,clear,HB,,Buckwheat,2,,
SBBG,6,2021,6/30/2021,Gaby,2,1608,1618,74,0,clear,SDB,,Buckwheat,1,,
SBBG,6,2021,6/30/2021,Gaby,2,1608,1618,74,0,clear,Green Sweat Bee,,Buckwheat,1,,
SBBG,6,2021,6/30/2021,Gaby,1,1619,1629,74,0,clear,HB,,Buckwheat,31,,
SBBG,6,2021,6/30/2021,Gaby,1,1619,1629,74,0,clear,Fly,,Buckwheat,3,,
SBBG,6,2021,6/30/2021,Gaby,1,1619,1629,74,0,clear,SDB,,Buckwheat,3,,
SBBG,6,2021,6/30/2021,Gaby,1,1619,1629,74,0,clear,SHBB,,Buckwheat,2,,
SBBG,6,2021,6/30/2021,Gaby,1,1619,1629,74,0,clear,Wasp,,Buckwheat,1,,
SBBG,6,2021,6/30/2021,Gaby,2,1630,1640,74,0,clear,MHBB,,Buckwheat,1,,
SBBG,6,2021,6/30/2021,Gaby,2,1630,1640,74,0,clear,HB,,Buckwheat,2,,
SBBG,6,2021,6/30/2021,Gaby,2,1630,1640,74,0,clear,Wasp,,Buckwheat,1,,
SBBG,6,2021,6/30/2021,Gaby,2,1630,1640,74,0,clear,Green Sweat Bee,,Buckwheat,1,,
SBBG,6,2021,6/30/2021,Gaby,2,1630,1640,74,0,clear,Fly,,Buckwheat,1,,
SBCC,6,2021,6/30/2021,Gaby,1,1730,1735,72,1,clear,HB,,Blue basil,6,,
SBCC,6,2021,6/30/2021,Gaby,2,1736,1741,72,1,clear,HB,,Borage,1,,
SBCC,6,2021,6/30/2021,Gaby,2,1736,1741,72,1,clear,HB,,Canary Island Sage,2,,
SBCC,6,2021,6/30/2021,Gaby,2,1736,1741,72,1,clear,Fly,,Canary Island Sage,1,,
SBCC,6,2021,6/30/2021,Gaby,2,1736,1741,72,1,clear,Bumble,,Canary Island Sage,1,,
SBCC,6,2021,6/30/2021,Gaby,3,1742,1747,72,1,clear,HB,,Blue basil,12,,
SBCC,6,2021,6/30/2021,Gaby,4,1748,1753,72,1,clear,HB,,Rosemary,1,,
SBCC,6,2021,6/30/2021,Gaby,1,1754,1804,72,1,clear,HB,,Blue basil,10,,
SBCC,6,2021,6/30/2021,Gaby,1,1754,1804,72,1,clear,Bumble,,Blue basil,1,,
SBCC,6,2021,6/30/2021,Gaby,2,1800,1805,72,1,clear,na,,,0,,
SBCC,6,2021,6/30/2021,Gaby,3,1806,1811,72,1,clear,HB,,Blue basil,8,,
SBCC,6,2021,6/30/2021,Gaby,3,1806,1811,72,1,clear,Fly,,Blue basil,1,,
SBCC,6,2021,6/30/2021,Gaby,4,1817,1827,72,1,clear,HB,,Rosemary,1,,
La Cumbre,6,2021,6/30/2021,Gaby,1,1243,1251,66,1,cloudy,Fly,,Corn flower,1,,
La Cumbre,6,2021,6/30/2021,Gaby,1,1243,1251,66,1,cloudy,HB,,Corn flower,1,,
La Cumbre,6,2021,6/30/2021,Gaby,1,1243,1251,66,1,cloudy,Fly,,Calendula,1,,
La Cumbre,6,2021,6/30/2021,Gaby,1,1243,1251,66,1,cloudy,HB,,Canary Island Sage,1,,
La Cumbre,6,2021,6/30/2021,Gaby,2,1255,1302,66,1,cloudy,HB,,R + W Sage,2,,
La Cumbre,6,2021,6/30/2021,Gaby,2,1255,1302,66,1,cloudy,HB,,Passion fruit,1,,
La Cumbre,6,2021,6/30/2021,Gaby,2,1255,1302,66,1,cloudy,HB,,Mexican sage,2,,
La Cumbre,6,2021,6/30/2021,Gaby,2,1255,1302,66,1,cloudy,HB,,Marigolds,1,,
La Cumbre,6,2021,6/30/2021,Gaby,2,1255,1302,66,1,cloudy,HB,,Primrose,3,,
La Cumbre,6,2021,6/30/2021,Gaby,2,1255,1302,66,1,cloudy,HB,,Wall Rocket,3,,
La Cumbre,6,2021,6/30/2021,Gaby,2,1255,1302,66,1,cloudy,HB,,Artichoke,7,,
La Cumbre,6,2021,6/30/2021,Gaby,3,1303,1308,66,0,cloudy,HB,,Wall Rocket,1,,
La Cumbre,6,2021,6/30/2021,Gaby,3,1303,1308,66,0,cloudy,Fly,,Sweet Alyssum,1,,
La Cumbre,6,2021,6/30/2021,Gaby,3,1303,1308,66,0,cloudy,HB,,Mint,2,,
La Cumbre,6,2021,6/30/2021,Gaby,3,1303,1308,66,0,cloudy,Fly,,Squash ,2,,
La Cumbre,6,2021,6/30/2021,Gaby,3,1303,1308,66,0,cloudy,HB,,Artichoke,4,,
La Cumbre,6,2021,6/30/2021,Gaby,3,1303,1308,66,0,cloudy,Fly,,Artichoke,1,,
La Cumbre,6,2021,6/30/2021,Gaby,1,1310,1318,66,0,cloudy,HB,,Marigolds,1,,
La Cumbre,6,2021,6/30/2021,Gaby,1,1310,1318,66,0,cloudy,Bumble,,Poppy,1,,
La Cumbre,6,2021,6/30/2021,Gaby,1,1310,1318,66,0,cloudy,HB,,Corn flower,2,,
La Cumbre,6,2021,6/30/2021,Gaby,1,1310,1318,66,0,cloudy,Fly,,Calendula,1,,
La Cumbre,6,2021,6/30/2021,Gaby,1,1310,1318,66,0,cloudy,HB,,Canary Island Sage,2,,
La Cumbre,6,2021,6/30/2021,Gaby,1,1310,1318,66,0,cloudy,Fly,,Celery ,2,,
La Cumbre,6,2021,6/30/2021,Gaby,2,1319,1326,66,0,cloudy,HB,,R + W Sage,3,,
La Cumbre,6,2021,6/30/2021,Gaby,2,1319,1326,66,0,cloudy,HB,,Mexican sage,2,,
La Cumbre,6,2021,6/30/2021,Gaby,2,1319,1326,66,0,cloudy,HB,,Primrose,2,,
La Cumbre,6,2021,6/30/2021,Gaby,2,1319,1326,66,0,cloudy,HB,,Wall Rocket,3,,
La Cumbre,6,2021,6/30/2021,Gaby,2,1319,1326,66,0,cloudy,HB,,Artichoke,8,,
La Cumbre,6,2021,6/30/2021,Gaby,3,1327,1332,66,0,cloudy,HB,,Wall Rocket,1,,
La Cumbre,6,2021,6/30/2021,Gaby,3,1327,1332,66,0,cloudy,Fly,,Wall Rocket,1,,
La Cumbre,6,2021,6/30/2021,Gaby,3,1327,1332,66,0,cloudy,HB,,Mint,1,,
La Cumbre,6,2021,6/30/2021,Gaby,3,1327,1332,66,0,cloudy,Fly,,Squash ,1,,
La Cumbre,6,2021,6/30/2021,Gaby,3,1327,1332,66,0,cloudy,HB,,Artichoke,6,,
Mesa,6,2021,6/30/2021,Gaby,1,1124,1134,64,0,bright overcast,HB,,Lavender,2,,
Mesa,6,2021,6/30/2021,Gaby,1,1124,1134,64,0,bright overcast,Fly,,Calendula,1,,
Mesa,6,2021,6/30/2021,Gaby,2,1135,1145,64,0,bright overcast,na,,,0,,
Mesa,6,2021,6/30/2021,Gaby,1,1146,1156,64,0,cloudy,na,,,0,,
Mesa,6,2021,6/30/2021,Gaby,2,1157,1207,64,0,cloudy,Fly,,Calendula,1,,
Brad,6,2021,6/30/2021,Gaby,1,1400,1410,70,1,clear,Fly,,Sweet alyssum,3,,
Brad,6,2021,6/30/2021,Gaby,1,1400,1410,70,1,clear,SDB,,Sweet alyssum,2,,
Brad,6,2021,6/30/2021,Gaby,1,1400,1410,70,1,clear,SSB,,Sweet alyssum,1,,
Brad,6,2021,6/30/2021,Gaby,1,1400,1410,70,1,clear,Fly,,Pot Marigold,1,,
Brad,6,2021,6/30/2021,Gaby,1,1400,1410,70,1,clear,HB,,Poppy,1,,
Brad,6,2021,6/30/2021,Gaby,2,1411,1421,70,1,clear,Wasp,,Yarrow,1,,
Brad,6,2021,6/30/2021,Gaby,2,1411,1421,70,1,clear,HB,,Zinnias,1,,
Brad,6,2021,6/30/2021,Gaby,1,1422,1432,70,1,clear,Fly,,Sweet alyssum,3,,
Brad,6,2021,6/30/2021,Gaby,1,1422,1432,70,1,clear,SDB,,Sweet alyssum,3,,
Brad,6,2021,6/30/2021,Gaby,1,1422,1432,70,1,clear,HB,,Poppy,1,,
Brad,6,2021,6/30/2021,Gaby,1,1422,1432,70,1,clear,SSB,,Pot Marigold,1,,
Brad,6,2021,6/30/2021,Gaby,2,1433,1443,70,1,clear,HB,,Lemon verbena,1,,
Brad,6,2021,6/30/2021,Gaby,2,1433,1443,70,1,clear,Fly,,Yarrow,1,,
Brad,6,2021,6/30/2021,Gaby,2,1433,1443,70,1,clear,SSB,,Yarrow,1,,
Brad,6,2021,6/30/2021,Gaby,2,1433,1443,70,1,clear,HB,,Yarrow,1,,
SBCC,7,2021,7/14/2021,Gaby,1,1641,1646,73,1,clear,HB,,Blue basil,8,,
SBCC,7,2021,7/14/2021,Gaby,2,1642,1652,73,1,clear,HB,,Canary Island Sage,2,,
SBCC,7,2021,7/14/2021,Gaby,2,1642,1652,73,1,clear,Fly,,Canary Island Sage,1,,
SBCC,7,2021,7/14/2021,Gaby,3,1654,1659,73,1,clear,HB,,Blue basil,12,,
SBCC,7,2021,7/14/2021,Gaby,3,1654,1659,73,1,clear,Fly,,Blue basil,1,,
SBCC,7,2021,7/14/2021,Gaby,3,1654,1659,73,1,clear,Fly,,Ceanothus,1,,
SBCC,7,2021,7/14/2021,Gaby,4,1701,1706,73,1,clear,HB,,Rosemary,1,,
SBCC,7,2021,7/14/2021,Gaby,4,1701,1706,73,1,clear,Fly,,Rosemary,1,,
SBCC,7,2021,7/14/2021,Gaby,1,1709,1714,73,1,clear,HB,,Blue basil,9,,
SBCC,7,2021,7/14/2021,Gaby,1,1709,1714,73,1,clear,Fly,,Blue basil,1,,
SBCC,7,2021,7/14/2021,Gaby,1,1709,1714,73,1,clear,Moth/Butterfly,Monarch,Calendula,1,,
SBCC,7,2021,7/14/2021,Gaby,2,1715,1720,73,1,clear,HB,,Canary Island Sage,1,,
SBCC,7,2021,7/14/2021,Gaby,3,1721,1726,73,1,clear,HB,,Blue basil,13,,
SBCC,7,2021,7/14/2021,Gaby,4,1728,1733,73,1,clear,HB,,Rosemary,1,,
Mesa,7,2021,7/14/2021,Gaby,1,1126,1136,72,1,bright overcast,HB,,Lavender,2,,
Mesa,7,2021,7/14/2021,Gaby,2,1137,1147,72,1,bright overcast,na,,,0,,
Mesa,7,2021,7/14/2021,Gaby,1,1148,1158,72,1,bright overcast,Green Sweat Bee,,Calendula ,1,,
Mesa,7,2021,7/14/2021,Gaby,1,1148,1158,72,1,bright overcast,HB,,Lavender,3,,
Mesa,7,2021,7/14/2021,Gaby,2,1159,1209,72,1,bright overcast,na,,,0,,
Brad,7,2021,7/15/2021,Gaby,1,1340,1350,72,1,clear,HB,,Sweet alyssum,1,,
Brad,7,2021,7/15/2021,Gaby,1,1340,1350,72,1,clear,Fly,,Sweet alyssum,2,,
Brad,7,2021,7/15/2021,Gaby,1,1340,1350,72,1,clear,SSB,,Poppy,1,,
Brad,7,2021,7/15/2021,Gaby,1,1340,1350,72,1,clear,SDB,,Sweet alyssum,1,,
Brad,7,2021,7/15/2021,Gaby,1,1340,1350,72,1,clear,HB,,Poppy,1,,
Brad,7,2021,7/15/2021,Gaby,2,1353,1403,72,1,clear,HB,,Lemon verbena,3,,
Brad,7,2021,7/15/2021,Gaby,1,1407,1417,73,1,clear,SDB,,Sweet alyssum,2,,
Brad,7,2021,7/15/2021,Gaby,1,1407,1417,73,1,clear,SSB,,Poppy,1,,
Brad,7,2021,7/15/2021,Gaby,2,1418,1428,73,1,clear,HB,,Lemon verbena,2,,
Brad,7,2021,7/15/2021,Gaby,2,1418,1428,73,1,clear,Fly,,Lemon verbena,2,,
Brad,7,2021,7/15/2021,Gaby,2,1418,1428,73,1,clear,SDB,,Yarrow,1,,
La Cumbre,7,2021,7/15/2021,Gaby,1,1150,1157,72,1,clear,HB,,Marigold,1,,
La Cumbre,7,2021,7/15/2021,Gaby,1,1150,1157,72,1,clear,SHBB,,Calendula,1,,
La Cumbre,7,2021,7/15/2021,Gaby,1,1150,1157,72,1,clear,HB,,Canary Island Sage,1,,
La Cumbre,7,2021,7/15/2021,Gaby,1,1150,1157,72,1,clear,SHBB,,Tick seed,1,,
La Cumbre,7,2021,7/15/2021,Gaby,2,1159,1206,72,1,clear,HB,,R + W Sage,1,,
La Cumbre,7,2021,7/15/2021,Gaby,2,1159,1206,72,1,clear,SHBB,,Primrose,1,,
La Cumbre,7,2021,7/15/2021,Gaby,2,1159,1206,72,1,clear,HB,,Primrose,2,,
La Cumbre,7,2021,7/15/2021,Gaby,2,1159,1206,72,1,clear,SSB,,Calendula,2,,
La Cumbre,7,2021,7/15/2021,Gaby,3,1212,1217,72,1,clear,HB,,Rocket,1,,
La Cumbre,7,2021,7/15/2021,Gaby,3,1212,1217,72,1,clear,HB,,Mint,9,,
Mesa,7,2021,7/28/2021,Gaby,1,1124,1134,66,0,bright overcast,HB,,Lavender,3,,
Mesa,7,2021,7/28/2021,Gaby,2,1135,1145,66,0,bright overcast,HB,,Calendula,1,,
Mesa,7,2021,7/28/2021,Gaby,2,1135,1145,66,0,bright overcast,HB,,Geranium,1,,
Mesa,7,2021,7/28/2021,Gaby,1,1146,1156,68,1,bright overcast,HB,,Lavender,2,,
Mesa,7,2021,7/28/2021,Gaby,2,1157,1207,68,1,bright overcast,HB,,Calendula,2,,
Mesa,7,2021,7/28/2021,Gaby,2,1157,1207,68,1,bright overcast,HB,,Rosemary,1,,
Mesa,7,2021,7/28/2021,Gaby,2,1157,1207,68,1,bright overcast,HB,,Geranium,1,,
SBCC,7,2021,7/23/2021,Gaby,1,1753,1758,70,1,clear,HB,,Blue basil,9,,
SBCC,7,2021,7/23/2021,Gaby,2,1759,1804,70,1,clear,na,,,0,,
SBCC,7,2021,7/23/2021,Gaby,3,1805,1810,70,1,clear,HB,,Blue basil,4,,
SBCC,7,2021,7/23/2021,Gaby,4,1811,1816,70,1,clear,na,,,0,,
SBCC,7,2021,7/23/2021,Gaby,1,1817,1822,70,1,clear,HB,,Blue basil,6,,
SBCC,7,2021,7/23/2021,Gaby,2,1823,1828,70,1,clear,Hummingbird,,Canary Island Sage,1,,
SBCC,7,2021,7/23/2021,Gaby,3,1829,1834,70,1,clear,HB,,Blue basil,5,,
SBCC,7,2021,7/23/2021,Gaby,4,1835,1840,70,1,clear,na,,,0,,
